<?xml version='1.0' encoding='UTF-8'?>
<scenario name="/vagrant/t2/t2.xml">
  <networks>
    <network id="5" name="n5" type="SWITCH">
      <position x="345" y="293" lat="47.576503361997716" lon="-122.1276732184047" alt="2.0"/>
    </network>
  </networks>
  <devices>
    <device id="1" name="Atacante" type="host" class="" image="">
      <position x="88" y="285" lat="47.57657608292306" lon="-122.13113622382497" alt="2.0"/>
      <services>
        <service name="DefaultRoute"/>
        <service name="SSH"/>
      </services>
    </device>
    <device id="2" name="Vitima" type="host" class="" image="">
      <position x="634" y="286" lat="47.57656699281292" lon="-122.12377902164802" alt="2.0"/>
      <services>
        <service name="DefaultRoute"/>
        <service name="SSH"/>
      </services>
    </device>
    <device id="3" name="n3" type="host" class="" image="">
      <position x="333" y="133" lat="47.57795776131524" lon="-122.12783491515583" alt="2.0"/>
      <services>
        <service name="DefaultRoute"/>
        <service name="SSH"/>
      </services>
    </device>
    <device id="4" name="n4" type="host" class="" image="">
      <position x="342" y="437" lat="47.57519436807097" lon="-122.12771364259248" alt="2.0"/>
      <services>
        <service name="DefaultRoute"/>
        <service name="SSH"/>
      </services>
    </device>
    <device id="6" name="n6" type="host" class="" image="">
      <position x="513" y="404" lat="47.5754943487361" lon="-122.12540946388872" alt="2.0"/>
      <services>
        <service name="DefaultRoute"/>
        <service name="SSH"/>
      </services>
    </device>
    <device id="7" name="n7" type="host" class="" image="">
      <position x="472" y="164" lat="47.577675974602826" lon="-122.12596192778842" alt="2.0"/>
      <services>
        <service name="DefaultRoute"/>
        <service name="SSH"/>
      </services>
    </device>
  </devices>
  <links>
    <link node1="5" node2="1">
      <iface2 id="0" name="eth0" mac="00:00:00:aa:00:00" ip4="10.0.0.10" ip4_mask="24"/>
      <options delay="0" bandwidth="0" loss="0.0" dup="0" jitter="0" unidirectional="0"/>
    </link>
    <link node1="5" node2="3">
      <iface2 id="0" name="eth0" mac="00:00:00:aa:00:01" ip4="10.0.0.11" ip4_mask="24"/>
      <options delay="0" bandwidth="0" loss="0.0" dup="0" jitter="0" unidirectional="0"/>
    </link>
    <link node1="5" node2="2">
      <iface2 id="0" name="eth0" mac="00:00:00:aa:00:02" ip4="10.0.0.12" ip4_mask="24"/>
      <options delay="0" bandwidth="0" loss="0.0" dup="0" jitter="0" unidirectional="0"/>
    </link>
    <link node1="5" node2="4">
      <iface2 id="0" name="eth0" mac="00:00:00:aa:00:03" ip4="10.0.0.13" ip4_mask="24"/>
      <options delay="0" bandwidth="0" loss="0.0" dup="0" jitter="0" unidirectional="0"/>
    </link>
    <link node1="5" node2="7">
      <iface2 id="0" name="eth0" mac="00:00:00:aa:00:04" ip4="10.0.0.14" ip4_mask="24"/>
      <options delay="0" bandwidth="0" loss="0.0" dup="0" jitter="0" unidirectional="0"/>
    </link>
    <link node1="5" node2="6">
      <iface2 id="0" name="eth0" mac="00:00:00:aa:00:05" ip4="10.0.0.15" ip4_mask="24"/>
      <options delay="0" bandwidth="0" loss="0.0" dup="0" jitter="0" unidirectional="0"/>
    </link>
  </links>
  <session_origin lat="47.5791667" lon="-122.132322" alt="2.0" scale="150.0"/>
  <session_options>
    <configuration name="controlnet" value=""/>
    <configuration name="controlnet0" value=""/>
    <configuration name="controlnet1" value=""/>
    <configuration name="controlnet2" value=""/>
    <configuration name="controlnet3" value=""/>
    <configuration name="controlnet_updown_script" value=""/>
    <configuration name="enablerj45" value="1"/>
    <configuration name="preservedir" value="0"/>
    <configuration name="enablesdt" value="0"/>
    <configuration name="sdturl" value="tcp://127.0.0.1:50000/"/>
    <configuration name="ovs" value="0"/>
    <configuration name="platform_id_start" value="1"/>
    <configuration name="nem_id_start" value="1"/>
    <configuration name="link_enabled" value="1"/>
    <configuration name="loss_threshold" value="30"/>
    <configuration name="link_interval" value="1"/>
    <configuration name="link_timeout" value="4"/>
    <configuration name="mtu" value="0"/>
  </session_options>
  <session_metadata>
    <configuration name="canvas c1" value="{name {Canvas1}}"/>
    <configuration name="global_options" value="interface_names=no ip_addresses=yes ipv6_addresses=yes node_labels=yes link_labels=yes show_api=no background_images=no annotations=yes grid=yes traffic_start=0"/>
  </session_metadata>
  <default_services>
    <node type="mdr">
      <service name="zebra"/>
      <service name="OSPFv3MDR"/>
      <service name="IPForward"/>
    </node>
    <node type="PC">
      <service name="DefaultRoute"/>
    </node>
    <node type="prouter"/>
    <node type="router">
      <service name="zebra"/>
      <service name="OSPFv2"/>
      <service name="OSPFv3"/>
      <service name="IPForward"/>
    </node>
    <node type="host">
      <service name="DefaultRoute"/>
      <service name="SSH"/>
    </node>
  </default_services>
</scenario>
